id,created_at,title,link,char7Id
35,2025-05-12 10:16:20.690723+00,01- المقدمة – أقسام التوحيد – شرح مقدمة ابن تيمية إلى .. قوله ( وسلم تسليماً مزيداً ),https://www.youtube.com/embed/KDpgxg0gea0,2
36,2025-05-12 10:16:20.690723+00,02- إعراب كلمة أما بعد – معنى الاعتقاد في اللغة والاصطلاح إلى ..المبحث السادس,https://www.youtube.com/embed/SVyPU8g2BXg,2
37,2025-05-12 10:16:20.690723+00,03- ليس كل كمال للمخلوق يكون كمالاً للخالق – قوله (وبما وصف به رسوله ) إلى .. التعبير بالتمثيل أ,https://www.youtube.com/embed/ERO8Y-QUkXg,2
38,2025-05-12 10:16:20.690723+00,04- تابع ..التعبير بالتمثيل أولى من التعبير بالتشبيه– أن نفي التشبيه على الأطلاق غير صحيح,https://www.youtube.com/embed/JumzE96OzV0,2
39,2025-05-12 10:16:20.690723+00,05- وجوب قبول ما دل عليه الخبر – الطريق لإثبات الصفات إلى .. تعريف الشهداء – تعريف الصالحين,https://www.youtube.com/embed/3ajuWa-Fg5g,2
40,2025-05-12 10:16:20.690723+00,06- قوله ( وقد دخل في هذه الجملة ما وصف الله به نفس إلى .. الرد على من خالف أهل السنة,https://www.youtube.com/embed/Egm8lFVh9qM,2
41,2025-05-12 10:16:20.690723+00,07- تابع ..الرد على من خالف أهل السنة في علو الله إلى .. مفاتح الغيب خمسة,https://www.youtube.com/embed/qLE0TFP_-t4,2
42,2025-05-12 10:16:20.690723+00,08- تابع .. مفاتح الغيب خمسة– الرزق قسمين – إلى .. آيات في إثبات صفتي المشيئة والإرادة,https://www.youtube.com/embed/kIH6zSzLDfQ,2
43,2025-05-12 10:16:20.690723+00,09- تابع ..آيات في إثبات صفتي المشيئة والإرادة– أقسام الإرادة  إلى .. الرد على من أنكر المحبة,https://www.youtube.com/embed/KGOGNNFz3Zk,2
44,2025-05-12 10:16:20.690723+00,10- آيات صفة الرحمة – الأدلة العقلية على ثبوت صفة الرحمة – إلى .. آيات صفة المجيء,https://www.youtube.com/embed/NhZYhUAHq6A,2
45,2025-05-12 10:16:20.690723+00,11- آيات صفة المجيء والإتيان الآية الرابعة إلى ..مخالفو أهل السنة والجماعة والرد عليهم,https://www.youtube.com/embed/S8YUxnT_eiM,2
46,2025-05-12 10:16:20.690723+00,12- آيات صفة العينين لله تعالى ( واصبر لحكم ربك ..) – إلى ..آيات صفة المكر والكيد والمحال,https://www.youtube.com/embed/Uy3x2_5qJ5g,2
47,2025-05-12 10:16:20.690723+00,13- آيات صفة العفو والمغفره والرحمة والعزة والقدرة – آيات الصفات المنفية في تنزيه الله,https://www.youtube.com/embed/DoRmBn9dza0,2
48,2025-05-12 10:16:20.690723+00,14- آيات الصفات المنفية في تنزيه الله الآية الثانية عشر(قل إنما حرم ربي..)– إثبات علو الله,https://www.youtube.com/embed/wAIEAcp2-to,2
49,2025-05-12 10:16:20.690723+00,15- إشكال العلماء حول (في) وجواب العلماء عليه – إثبات معية الله لخلقه وفيه مباحث,https://www.youtube.com/embed/pWODaFxldog,2
50,2025-05-12 10:16:20.690723+00,16- إثبات الكلام لله تعالى الآية الخامسة ( وكلم الله موسى)– إثبات أن القرآن كلام الله,https://www.youtube.com/embed/kolfbOrlRZY,2
51,2025-05-12 10:16:20.690723+00,17- إثبات رؤية المؤمنين لربهم يوم القيامة – مخالفو أهل السنة والجماعة وأدلتهم,https://www.youtube.com/embed/VuhN5wbxonE,2
52,2025-05-12 10:16:20.690723+00,18- فصل في أحاديث الصفات – الحديث الأول : في إثبات نزول الله إلى السماء الدنيا,https://www.youtube.com/embed/5xZrHsPmuB8,2
53,2025-05-12 10:16:20.690723+00,19- فصل في أحاديث الصفات – الحديث الرابع عشر :في إثبات صفة العلو وصفات أخرى,https://www.youtube.com/embed/bSTzpOaO6lQ,2
54,2025-05-12 10:16:20.690723+00,20- الجمع بين العلو والمعية قوله وهو خلاف ما أجمع عليه سلف الأمة إلى ..فصل في الإيمان,https://www.youtube.com/embed/p77VZMn01a4,2
55,2025-05-12 10:16:20.690723+00,21- حكم إطلاق القول بأن القرآن عبارة عن كلام الله – فصل في الإيمان برؤية المؤمنين لربهم يوم القيامة,https://www.youtube.com/embed/gpIs1FW44yA,2
56,2025-05-12 10:16:20.690723+00,22- تثبيت الله المؤمنين في الدنيا وفي الآخرة ماذا يقول المرتاب – الأدلة في إثبات النعيم والعذاب,https://www.youtube.com/embed/tDTqWR0YNGE,2
57,2025-05-12 10:16:20.690723+00,"23- في القيامة الكبرى,الأمر الخامس الجمع بين النصوص الواردة في وزن العمل والعامل",https://www.youtube.com/embed/wZIOuLmYWsE,2
58,2025-05-12 10:16:20.690723+00,24- في القيامة الكبرى الأمر الحادي عشر:شفاعة النبي صلى الله عليه وسلم – فصل في درجات الإيمان بالقدر,https://www.youtube.com/embed/5D9o5yPllG4,2
59,2025-05-12 10:16:20.690723+00,"25- تابع ..درجات الإيمان بالقدر,الإيمان بأن ما أصاب الإنسان لم يكن ليخطئه إلى ..مخالفو أهل السنة",https://www.youtube.com/embed/99q8tx--B8U,2
60,2025-05-12 10:16:20.690723+00,26- فصل في الإيمان تعريف الإيمان في اللغة والشرع إلى ..الفرق بين الإيمان المطلق ومطلق الإيمان,https://www.youtube.com/embed/gCmvM2cqYHk,2
61,2025-05-12 10:16:20.690723+00,27- فصل في موقف أهل السنة والجماعة من أصحاب رسول الله – أنواع الشهادة إلى ..خير هذه الأمة بعد نبيها,https://www.youtube.com/embed/bInev4KwV1k,2
62,2025-05-12 10:16:20.690723+00,28- اختلاف أهل السنة والجماعة في المفاضلة بين عثمان وعلي إلى ..من أصول السنة والجماعة التصديق,https://www.youtube.com/embed/vgzujPZR9pY,2
63,2025-05-12 10:16:20.690723+00,29- تعريف الكرامة – أقسام الكرامة – التحذير من الابتداع إلى .. توجيه : من سن في الإسلام,https://www.youtube.com/embed/qQ6ILJFzmyc,2
64,2025-05-12 10:16:20.690723+00,30- أهل السنة يعتقدون أن أصدق الكلام كلام الله وخير الهدي هدي محمد صلى الله عليه وسلم,https://www.youtube.com/embed/UDRkQ4bNz_Q,2
65,2025-05-12 10:16:20.690723+00,31- إقامة الحج والجهاد والجمع والأعياد مع الأمراء أبراراً كانوا أو فجاراً – النصح للأمة,https://www.youtube.com/embed/rNKtUjsieHg,2
66,2025-05-12 10:16:20.690723+00,32- الدعوة إلى مكارم الأخلاق – الأمر ببر الوالدين إلى .. النصر لهذه الطائفة حتى تقوم الساعة,https://www.youtube.com/embed/pm3dtdQxZtU,2